"estimator","lower","upper","coverage","method"
"SSE",-0.163409085921572,-0.156445672773347,0.00696341314822485,"Normal"
"IPTW",-0.2175914907529,-0.16675662603489,0.0508348647180101,"Normal"
"IPTW.ST",-0.231570583438556,-0.187365927096917,0.0442046563416388,"Normal"
"TMLE",-0.175500806352835,-0.156321077562356,0.0191797287904791,"Normal"
"SSE",-0.163499505878906,-0.156490497829471,0.00700900804943516,"Quantile"
"IPTW",-0.217475687733297,-0.164386978544661,0.0530887091886368,"Quantile"
"IPTW.ST",-0.230168078924121,-0.186551204306403,0.0436168746177188,"Quantile"
"TMLE",-0.175796186449615,-0.156539366544041,0.0192568199055739,"Quantile"
